{
    "Miner_3": {
        "blocks_mined": 2,
        "total_rewards": 110,
        "joined_at": 1746598443.288291
    },
    "Miner_2": {
        "blocks_mined": 3,
        "total_rewards": 120,
        "joined_at": 1746598551.722944
    }
}